INSERT INTO authorities(authority, username) VALUES
('role_admin', 'admin'),
('role_user', 'admin'),
('role_user', 'user');

INSERT INTO team(team_number, team_name) VALUES
(1, 'The Juggernauts'),
(8, 'Team 8'),
(25, 'Raider Robotix'),
(166, 'Chop Shop'),
(191, 'X-CATS'),
(238, 'Cruisin'' Crusaders'),
(287, 'Floyd'),
(321, 'RoboLancers'),
(339, 'Kilroy Robotics'),
(379, 'RoboCats'),
(422, 'Mech Tech Dragons'),
(435, 'Robodogs'),
(587, 'Hedgehogs'),
(639, 'Code Red Robotics'),
(694, 'StuyPulse'),
(836, 'The RoboBees'),
(858, 'Demons'),
(876, 'Thunder Robotics'),
(900, 'The Zebracorns'),
(955, 'CV Robotics'),
(1073, 'The Force Team'),
(1089, 'Team Mercury'),
(1123, 'AIM Robotics'),
(1225, 'Gorillas'),
(1261, 'Robo  Lions'),
(1389, 'The Body Electric'),
(1511, 'Rolling Thunder'),
(1533, 'Triple Strange'),
(1600, 'ROBO KINGS AND QUEENS'),
(1662, 'Raptor Force Engineering'),
(1868, 'Space Cookies'),
(1885, 'ILITE Robotics'),
(1983, 'Skunk Works Robotics'),
(1991, 'Dragons'),
(2059, 'The Hitchhikers'),
(2080, 'Torbotics'),
(2168, 'Aluminum Falcons'),
(2175, 'The Fighting Calculators'),
(2219, 'Megahurts'),
(2220, 'Blue Twilight'),
(2557, 'SOTAbots'),
(2640, 'HOTBOTZ'),
(2642, 'Pitt Pirates'),
(2655, 'The Flying Platypi'),
(2682, 'Boneyard Robotics'),
(2848, 'The All Sparks'),
(2883, 'F.R.E.D (Fighting Rednecks Engineering and Design)'),
(2974, 'Walton Robotics'),
(2980, 'The Whidbey Island Wild Cats'),
(3005, 'RoboChargers'),
(3147, 'Munster HorsePower'),
(3196, 'Team SPORK'),
(3197, 'HexHounds'),
(3229, 'Hawktimus Prime'),
(3230, 'PrototypeX'),
(3234, 'Red Arrows'),
(3310, 'Black Hawk Robotics'),
(3336, 'Zimanators'),
(3339, 'BumbleB'),
(3374, 'RoboBroncs'),
(3402, 'ROBOMonkeys'),
(3459, 'Team PyroTech'),
(3506, 'YETI Robotics'),
(3546, 'Buc''n''Gears'),
(3618, 'Petoskey Paladins'),
(3641, 'The Flying Toasters'),
(3656, 'Dreadbots'),
(3661, 'RoboWolves'),
(3680, 'Elemental Dragons'),
(3737, 'Roto-Raptors'),
(3763, '4-H WildCards'),
(3770, 'BlitzCreek'),
(3822, 'Neon Jets'),
(3845, 'Yellow Jackets'),
(3925, 'Circuit of Life'),
(3930, 'SMART  Spruce Mountain Area Robotics Team'),
(3965, 'Sultans'),
(3971, 'Kai Orbus'),
(3990, 'Tech for Kids'),
(4010, 'Nautilus'),
(4061, 'SciBorgs'),
(4087, 'Falcon Robotics'),
(4180, 'Iron Riders'),
(4188, 'Columbus Space Program'),
(4290, 'Bots of War'),
(4291, 'KerrBots (pronounced CarBots)'),
(4329, 'Lutheran Roboteers'),
(4335, 'Metallic Clouds'),
(4455, 'The Burger Bots'),
(4469, 'R.A.I.D. (Raider Artificial Intelligence DIvision)'),
(4534, 'Wired Wizards'),
(4561, 'TerrorBytes'),
(4646, 'Team ASAP'),
(4767, 'C4'),
(4795, 'EastBots'),
(4816, 'Gadget Girls'),
(4828, 'RoboEagles'),
(4829, 'Titanium Tigers'),
(4910, 'East Cobb Robotics'),
(4929, 'Maroon Monsoon'),
(4935, 'T-Rex'),
(5160, 'Chargers'),
(5190, 'Green Hope Falcons'),
(5199, 'Robot Dolphins From Outer Space'),
(5279, 'Bionic Eagles'),
(5406, 'Celt-X'),
(5446, 'Pink Detectives'),
(5511, 'Cortechs Robotics'),
(5518, 'Techno Wolves'),
(5544, 'SWIFT Robotics'),
(5607, 'Team Firewall'),
(5679, 'Girls on Fire'),
(5727, 'REaCH Omegabytes'),
(5762, 'Franklinbots'),
(5803, 'Apex Robotics'),
(5834, 'R3P2'),
(5837, 'Unity4Tech'),
(5854, 'GLITCH'),
(5892, 'High Energy'),
(5919, 'JoCo RoBos'),
(5933, 'JudgeMent Call'),
(5940, 'B.R.E.A.D.'),
(5976, 'CyberSaders'),
(5979, 'Apex'),
(6003, 'S.U.M. (Singularly Unified Madness)'),
(6004, 'f(x) Robotics'),
(6016, 'Tiger Robotics'),
(6034, 'Eagle Storms'),
(6214, 'Los Creadores'),
(6215, 'Armored Eagles'),
(6332, 'Bull City Botics'),
(6500, 'GearCats'),
(6502, 'DARC SIDE'),
(6565, 'Team Bobcat'),
(6639, 'Mechanical Minds'),
(6729, 'RECHS Ea');

INSERT INTO scouting_form(id, buddy_climb, comment, cross_habitat_line, defense, dropped_game_pieces, got_lifted, hab_level_climb, hab_level_start, lifted, match_number, preload, rocket_level, sandstorm_cargo_ball_count, sandstorm_cargo_hatch_panel_count, sandstorm_rocket_ball_count, sandstorm_rocket_hatch_panel_count, score, scouter, team_number, teleop_cargo_ball_count, teleop_cargo_hatch_panel_count, teleop_rocket_ball_count, teleop_rocket_hatch_panel_count) VALUES
(1, FALSE, 'in faucibus orci luctus et ultrices posuere cubilia curae nulla dapibus dolor vel est donec odio justo sollicitudin ut suscipit', FALSE, TRUE, 1, FALSE, 1, 1, FALSE, 83, 2, 3, 6, 6, 7, 1, 5, 'user', 639, 3, 7, 3, 0),
(2, TRUE, 'sapien in sapien iaculis congue vivamus metus arcu adipiscing molestie hendrerit at vulputate vitae nisl aenean lectus pellentesque eget nunc', TRUE, TRUE, 2, TRUE, 1, 3, TRUE, 22, 2, 2, 2, 7, 5, 0, 37, 'user', 6565, 6, 7, 2, 5),
(3, TRUE, 'in quam fringilla rhoncus mauris enim leo rhoncus sed vestibulum sit amet cursus id turpis integer aliquet', FALSE, FALSE, 0, TRUE, 3, 2, FALSE, 64, 1, 3, 5, 1, 2, 1, 68, 'user', 1261, 3, 1, 4, 7),
(4, TRUE, 'quis libero nullam sit amet turpis elementum ligula vehicula consequat', FALSE, TRUE, 1, TRUE, 1, 1, TRUE, 34, 1, 1, 4, 4, 0, 7, 20, 'user', 1533, 2, 4, 3, 4),
(5, FALSE, 'quam nec dui luctus rutrum nulla tellus in sagittis dui vel nisl duis ac nibh fusce lacus purus', FALSE, FALSE, 2, FALSE, 1, 3, TRUE, 37, 2, 2, 1, 0, 6, 7, 41, 'user', 5544, 0, 2, 4, 3),
(6, FALSE, 'donec semper sapien a libero nam dui proin leo odio porttitor id consequat in', TRUE, TRUE, 3, TRUE, 3, 1, TRUE, 83, 1, 2, 2, 0, 3, 4, 14, 'user', 6034, 2, 1, 0, 2),
(7, FALSE, 'id pretium iaculis diam erat fermentum justo nec condimentum neque sapien placerat ante nulla justo', TRUE, TRUE, 5, TRUE, 1, 2, TRUE, 84, 3, 1, 5, 3, 2, 7, 40, 'user', 6214, 5, 2, 3, 3),
(8, TRUE, 'pretium quis lectus suspendisse potenti in eleifend quam a odio in hac habitasse platea', FALSE, TRUE, 6, FALSE, 2, 3, FALSE, 68, 1, 1, 1, 7, 1, 1, 87, 'user', 3971, 0, 4, 2, 7),
(9, FALSE, 'quam pede lobortis ligula sit amet eleifend pede libero quis', TRUE, TRUE, 1, TRUE, 2, 2, TRUE, 51, 2, 2, 6, 2, 6, 4, 5, 'user', 3310, 6, 6, 5, 5),
(10, FALSE, 'pellentesque ultrices phasellus id sapien in sapien iaculis congue vivamus metus arcu adipiscing molestie', FALSE, FALSE, 0, TRUE, 1, 2, FALSE, 83, 2, 3, 7, 7, 7, 4, 46, 'user', 1123, 3, 3, 1, 3),
(11, TRUE, 'nulla justo aliquam quis turpis eget elit sodales scelerisque mauris sit amet eros suspendisse accumsan', TRUE, TRUE, 1, TRUE, 2, 3, FALSE, 37, 3, 3, 0, 0, 2, 0, 68, 'user', 3402, 6, 6, 3, 1),
(12, FALSE, 'turpis donec posuere metus vitae ipsum aliquam non mauris morbi non lectus', FALSE, FALSE, 0, TRUE, 3, 3, FALSE, 53, 3, 3, 1, 5, 1, 4, 83, 'user', 5919, 4, 4, 0, 2),
(13, TRUE, 'sapien iaculis congue vivamus metus arcu adipiscing molestie hendrerit at vulputate vitae nisl aenean lectus pellentesque eget nunc', FALSE, TRUE, 6, FALSE, 1, 2, FALSE, 96, 3, 3, 6, 3, 0, 2, 58, 'user', 3402, 6, 0, 5, 0),
(14, FALSE, 'suspendisse potenti cras in purus eu magna vulputate luctus cum sociis natoque penatibus et magnis dis parturient montes nascetur', FALSE, FALSE, 2, TRUE, 2, 1, TRUE, 28, 1, 3, 4, 3, 0, 4, 83, 'user', 5933, 0, 1, 5, 0),
(15, FALSE, 'suspendisse potenti in eleifend quam a odio in hac habitasse platea dictumst maecenas ut massa quis augue luctus', FALSE, FALSE, 3, TRUE, 1, 1, FALSE, 44, 2, 2, 2, 7, 6, 6, 4, 'user', 5446, 1, 2, 3, 1),
(16, FALSE, 'neque aenean auctor gravida sem praesent id massa id nisl venenatis lacinia aenean sit amet', FALSE, TRUE, 1, TRUE, 3, 2, TRUE, 61, 2, 2, 4, 1, 0, 3, 52, 'user', 1225, 0, 7, 6, 4),
(17, FALSE, 'montes nascetur ridiculus mus etiam vel augue vestibulum rutrum rutrum neque aenean', TRUE, TRUE, 0, TRUE, 1, 3, FALSE, 37, 2, 1, 2, 2, 0, 4, 61, 'user', 5919, 6, 1, 3, 4),
(18, FALSE, 'potenti nullam porttitor lacus at turpis donec posuere metus vitae ipsum aliquam non mauris morbi non', FALSE, FALSE, 3, TRUE, 3, 3, FALSE, 46, 1, 3, 4, 5, 6, 5, 44, 'user', 1261, 7, 1, 1, 0),
(19, FALSE, 'cubilia curae mauris viverra diam vitae quam suspendisse potenti nullam porttitor lacus at turpis', FALSE, FALSE, 6, FALSE, 2, 2, TRUE, 88, 3, 1, 7, 1, 7, 5, 45, 'user', 287, 4, 5, 2, 2),
(20, TRUE, 'cras non velit nec nisi vulputate nonummy maecenas tincidunt lacus', FALSE, TRUE, 5, TRUE, 1, 3, TRUE, 63, 3, 2, 2, 6, 4, 4, 30, 'user', 1533, 1, 1, 0, 2),
(21, FALSE, 'habitasse platea dictumst morbi vestibulum velit id pretium iaculis diam erat fermentum justo nec condimentum', FALSE, FALSE, 7, TRUE, 2, 1, TRUE, 65, 3, 2, 4, 1, 7, 0, 70, 'user', 4828, 2, 3, 7, 5),
(22, TRUE, 'orci luctus et ultrices posuere cubilia curae duis faucibus accumsan odio curabitur convallis duis consequat dui', FALSE, TRUE, 5, TRUE, 1, 1, FALSE, 3, 2, 1, 1, 0, 4, 6, 13, 'user', 2980, 5, 5, 2, 7),
(23, TRUE, 'nec condimentum neque sapien placerat ante nulla justo aliquam quis turpis eget elit sodales', TRUE, FALSE, 3, TRUE, 3, 1, TRUE, 98, 2, 2, 5, 3, 2, 2, 77, 'user', 3925, 0, 1, 2, 2),
(24, TRUE, 'habitasse platea dictumst maecenas ut massa quis augue luctus tincidunt nulla mollis molestie lorem quisque ut erat', FALSE, TRUE, 3, TRUE, 3, 1, FALSE, 85, 3, 2, 5, 3, 1, 4, 45, 'user', 3965, 7, 3, 0, 3),
(25, TRUE, 'amet lobortis sapien sapien non mi integer ac neque duis bibendum morbi non quam nec dui luctus rutrum nulla tellus', TRUE, TRUE, 7, TRUE, 2, 1, FALSE, 71, 1, 3, 6, 5, 2, 4, 52, 'user', 4335, 3, 0, 3, 3),
(26, TRUE, 'laoreet ut rhoncus aliquet pulvinar sed nisl nunc rhoncus dui vel', FALSE, TRUE, 5, TRUE, 1, 3, FALSE, 23, 3, 2, 0, 0, 4, 1, 48, 'user', 3680, 0, 0, 0, 5),
(27, FALSE, 'dignissim vestibulum vestibulum ante ipsum primis in faucibus orci luctus et ultrices posuere cubilia', FALSE, FALSE, 3, TRUE, 1, 3, FALSE, 91, 3, 3, 6, 0, 3, 3, 14, 'user', 3197, 7, 5, 5, 5),
(28, TRUE, 'suscipit ligula in lacus curabitur at ipsum ac tellus semper interdum', TRUE, FALSE, 2, FALSE, 3, 3, FALSE, 20, 1, 2, 4, 0, 3, 4, 92, 'user', 1868, 0, 5, 2, 0),
(29, FALSE, 'platea dictumst maecenas ut massa quis augue luctus tincidunt nulla', FALSE, FALSE, 3, FALSE, 3, 2, TRUE, 97, 3, 2, 0, 4, 0, 3, 69, 'user', 6565, 5, 7, 5, 3),
(30, TRUE, 'pede libero quis orci nullam molestie nibh in lectus pellentesque at nulla suspendisse', TRUE, FALSE, 4, TRUE, 1, 3, FALSE, 86, 2, 1, 5, 7, 6, 2, 100, 'user', 3618, 5, 3, 7, 5),
(31, TRUE, 'luctus tincidunt nulla mollis molestie lorem quisque ut erat curabitur gravida nisi at', FALSE, FALSE, 7, TRUE, 3, 1, TRUE, 9, 3, 2, 4, 4, 4, 5, 64, 'user', 5892, 6, 0, 7, 7),
(32, TRUE, 'sit amet consectetuer adipiscing elit proin risus praesent lectus vestibulum quam', FALSE, TRUE, 2, TRUE, 2, 1, FALSE, 95, 2, 3, 5, 6, 0, 1, 7, 'user', 4290, 7, 0, 2, 5),
(33, TRUE, 'tortor duis mattis egestas metus aenean fermentum donec ut mauris', TRUE, TRUE, 3, TRUE, 1, 1, TRUE, 68, 1, 2, 4, 0, 6, 5, 3, 'user', 5834, 7, 1, 6, 0),
(34, FALSE, 'ultrices aliquet maecenas leo odio condimentum id luctus nec molestie sed justo pellentesque viverra pede ac diam cras pellentesque', TRUE, FALSE, 0, FALSE, 3, 1, FALSE, 24, 3, 2, 7, 7, 5, 4, 95, 'user', 5762, 6, 2, 0, 1),
(35, FALSE, 'parturient montes nascetur ridiculus mus etiam vel augue vestibulum rutrum rutrum neque aenean auctor gravida sem praesent id', TRUE, TRUE, 1, TRUE, 1, 1, TRUE, 63, 1, 3, 0, 5, 3, 6, 90, 'user', 4010, 7, 2, 3, 6),
(36, TRUE, 'eros suspendisse accumsan tortor quis turpis sed ante vivamus tortor duis mattis', TRUE, TRUE, 3, TRUE, 2, 1, TRUE, 42, 2, 3, 2, 2, 2, 5, 36, 'user', 1123, 7, 3, 4, 4),
(37, FALSE, 'sem praesent id massa id nisl venenatis lacinia aenean sit amet justo morbi ut odio cras mi pede', TRUE, TRUE, 3, TRUE, 3, 2, TRUE, 77, 2, 1, 5, 5, 7, 5, 32, 'user', 3506, 7, 7, 1, 4),
(38, TRUE, 'sed nisl nunc rhoncus dui vel sem sed sagittis nam congue risus semper porta volutpat quam', FALSE, FALSE, 4, FALSE, 1, 2, TRUE, 50, 1, 2, 2, 5, 1, 2, 45, 'user', 4291, 4, 2, 4, 7),
(39, TRUE, 'augue aliquam erat volutpat in congue etiam justo etiam pretium', TRUE, FALSE, 5, TRUE, 3, 1, TRUE, 49, 3, 1, 1, 2, 4, 3, 32, 'user', 25, 4, 0, 6, 1),
(40, FALSE, 'maecenas tincidunt lacus at velit vivamus vel nulla eget eros elementum pellentesque quisque porta volutpat erat', TRUE, FALSE, 3, FALSE, 3, 3, TRUE, 88, 2, 1, 7, 1, 1, 5, 2, 'user', 3618, 3, 5, 2, 6),
(41, TRUE, 'interdum mauris ullamcorper purus sit amet nulla quisque arcu libero rutrum ac lobortis vel dapibus at diam', FALSE, TRUE, 4, FALSE, 3, 1, FALSE, 73, 3, 2, 5, 1, 5, 1, 73, 'user', 4469, 7, 6, 4, 6),
(42, FALSE, 'ut massa volutpat convallis morbi odio odio elementum eu interdum eu tincidunt in leo', TRUE, FALSE, 0, TRUE, 2, 1, FALSE, 52, 1, 3, 2, 0, 7, 0, 52, 'user', 4469, 5, 0, 1, 1),
(43, FALSE, 'enim in tempor turpis nec euismod scelerisque quam turpis adipiscing lorem vitae mattis nibh ligula nec', TRUE, FALSE, 2, FALSE, 1, 3, TRUE, 57, 3, 3, 3, 7, 0, 1, 70, 'user', 1089, 4, 1, 0, 5),
(44, TRUE, 'iaculis justo in hac habitasse platea dictumst etiam faucibus cursus urna ut', TRUE, TRUE, 7, TRUE, 1, 3, TRUE, 1, 3, 1, 7, 5, 1, 3, 94, 'user', 6639, 2, 5, 7, 4),
(45, TRUE, 'metus vitae ipsum aliquam non mauris morbi non lectus aliquam', FALSE, TRUE, 5, FALSE, 1, 1, FALSE, 12, 2, 2, 5, 3, 1, 3, 1, 'user', 2168, 2, 4, 2, 2),
(46, FALSE, 'massa id lobortis convallis tortor risus dapibus augue vel accumsan tellus nisi eu orci mauris lacinia sapien quis', TRUE, FALSE, 1, TRUE, 2, 2, TRUE, 38, 1, 1, 3, 6, 3, 0, 73, 'user', 4180, 5, 4, 7, 1),
(47, TRUE, 'sapien sapien non mi integer ac neque duis bibendum morbi non quam nec dui luctus', FALSE, TRUE, 4, FALSE, 2, 1, FALSE, 53, 1, 2, 6, 7, 1, 5, 11, 'user', 4829, 5, 5, 2, 2),
(48, TRUE, 'nec euismod scelerisque quam turpis adipiscing lorem vitae mattis nibh ligula nec sem', TRUE, FALSE, 0, TRUE, 2, 2, TRUE, 48, 3, 3, 1, 7, 2, 0, 36, 'user', 4829, 0, 6, 5, 0),
(49, FALSE, 'orci mauris lacinia sapien quis libero nullam sit amet turpis elementum ligula vehicula consequat morbi a ipsum integer a', FALSE, TRUE, 5, FALSE, 3, 1, FALSE, 48, 1, 3, 0, 7, 3, 7, 32, 'user', 4180, 6, 2, 7, 1),
(50, FALSE, 'vivamus metus arcu adipiscing molestie hendrerit at vulputate vitae nisl aenean lectus pellentesque eget nunc donec', TRUE, TRUE, 4, TRUE, 2, 1, TRUE, 96, 3, 3, 3, 7, 2, 5, 34, 'user', 3234, 5, 6, 1, 5),
(51, FALSE, 'interdum venenatis turpis enim blandit mi in porttitor pede justo eu massa donec dapibus duis at velit eu est congue', TRUE, TRUE, 0, FALSE, 1, 2, TRUE, 79, 1, 3, 4, 3, 2, 2, 86, 'user', 4290, 1, 0, 1, 7),
(52, FALSE, 'molestie sed justo pellentesque viverra pede ac diam cras pellentesque', FALSE, TRUE, 2, FALSE, 2, 2, FALSE, 10, 2, 3, 4, 1, 3, 3, 16, 'user', 5803, 2, 6, 6, 5),
(53, TRUE, 'augue vestibulum rutrum rutrum neque aenean auctor gravida sem praesent id massa', TRUE, TRUE, 7, TRUE, 3, 1, FALSE, 40, 1, 1, 1, 2, 1, 0, 63, 'user', 3230, 7, 6, 6, 2),
(54, TRUE, 'praesent blandit lacinia erat vestibulum sed magna at nunc commodo placerat praesent blandit nam nulla integer pede justo lacinia eget', TRUE, FALSE, 7, TRUE, 1, 1, TRUE, 71, 2, 2, 0, 2, 6, 3, 32, 'user', 2175, 4, 4, 1, 7),
(55, TRUE, 'a suscipit nulla elit ac nulla sed vel enim sit amet nunc viverra dapibus nulla suscipit ligula in lacus curabitur', FALSE, FALSE, 2, TRUE, 2, 1, TRUE, 88, 3, 2, 3, 5, 1, 1, 57, 'user', 3197, 0, 3, 0, 1),
(56, FALSE, 'vel ipsum praesent blandit lacinia erat vestibulum sed magna at nunc commodo placerat praesent blandit', FALSE, FALSE, 2, TRUE, 1, 3, TRUE, 61, 1, 1, 5, 7, 0, 5, 70, 'user', 1868, 6, 4, 3, 4),
(57, FALSE, 'non velit donec diam neque vestibulum eget vulputate ut ultrices vel', TRUE, TRUE, 1, TRUE, 2, 1, TRUE, 73, 1, 2, 6, 5, 6, 1, 85, 'user', 5803, 5, 5, 3, 1),
(58, TRUE, 'nisi eu orci mauris lacinia sapien quis libero nullam sit amet turpis elementum ligula', TRUE, FALSE, 2, TRUE, 1, 1, FALSE, 77, 2, 1, 3, 7, 0, 1, 5, 'user', 3661, 4, 5, 7, 3),
(59, FALSE, 'non sodales sed tincidunt eu felis fusce posuere felis sed', TRUE, TRUE, 6, FALSE, 3, 3, TRUE, 58, 1, 1, 7, 1, 6, 2, 99, 'user', 4829, 1, 4, 3, 5),
(60, TRUE, 'rutrum neque aenean auctor gravida sem praesent id massa id nisl venenatis lacinia aenean sit amet justo morbi ut', FALSE, TRUE, 5, FALSE, 3, 3, FALSE, 58, 2, 3, 1, 4, 1, 6, 28, 'user', 5837, 3, 5, 5, 5),
(61, TRUE, 'in faucibus orci luctus et ultrices posuere cubilia curae donec', TRUE, TRUE, 1, FALSE, 3, 2, FALSE, 93, 3, 1, 2, 0, 5, 5, 85, 'user', 3197, 3, 6, 2, 0),
(62, TRUE, 'nisl duis bibendum felis sed interdum venenatis turpis enim blandit mi in porttitor pede justo', TRUE, FALSE, 4, TRUE, 2, 3, FALSE, 54, 2, 2, 4, 2, 5, 3, 35, 'user', 1868, 4, 1, 4, 0),
(63, TRUE, 'sit amet justo morbi ut odio cras mi pede malesuada in imperdiet et commodo vulputate', TRUE, TRUE, 3, TRUE, 1, 3, TRUE, 8, 3, 3, 2, 6, 2, 0, 98, 'user', 5979, 0, 4, 6, 4),
(64, TRUE, 'non lectus aliquam sit amet diam in magna bibendum imperdiet nullam orci pede', FALSE, FALSE, 7, FALSE, 2, 3, TRUE, 78, 1, 2, 4, 1, 3, 2, 22, 'user', 5511, 1, 5, 0, 1),
(65, FALSE, 'non ligula pellentesque ultrices phasellus id sapien in sapien iaculis congue vivamus metus', TRUE, TRUE, 2, TRUE, 2, 3, FALSE, 31, 3, 3, 2, 0, 5, 0, 60, 'user', 2974, 0, 7, 4, 3),
(66, TRUE, 'justo lacinia eget tincidunt eget tempus vel pede morbi porttitor lorem id ligula suspendisse ornare consequat lectus in est risus', TRUE, TRUE, 5, TRUE, 3, 2, FALSE, 57, 2, 3, 5, 4, 7, 5, 22, 'user', 6565, 7, 2, 2, 5),
(67, FALSE, 'vitae consectetuer eget rutrum at lorem integer tincidunt ante vel ipsum praesent blandit lacinia', TRUE, TRUE, 6, FALSE, 1, 1, TRUE, 64, 2, 1, 4, 4, 4, 4, 57, 'user', 191, 0, 1, 5, 7),
(68, TRUE, 'nec nisi volutpat eleifend donec ut dolor morbi vel lectus in quam fringilla rhoncus mauris enim leo rhoncus sed vestibulum', FALSE, FALSE, 2, FALSE, 2, 2, TRUE, 91, 3, 2, 7, 6, 2, 0, 28, 'user', 5762, 7, 7, 1, 7),
(69, FALSE, 'vitae ipsum aliquam non mauris morbi non lectus aliquam sit', TRUE, TRUE, 5, FALSE, 1, 2, TRUE, 62, 3, 1, 7, 2, 2, 4, 82, 'user', 5892, 5, 6, 1, 6),
(70, TRUE, 'a feugiat et eros vestibulum ac est lacinia nisi venenatis tristique fusce congue diam id ornare imperdiet sapien', TRUE, FALSE, 4, TRUE, 3, 3, TRUE, 90, 2, 2, 1, 3, 4, 5, 58, 'user', 5940, 5, 5, 6, 2),
(71, FALSE, 'turpis nec euismod scelerisque quam turpis adipiscing lorem vitae mattis nibh ligula nec', TRUE, TRUE, 2, FALSE, 2, 2, FALSE, 72, 1, 2, 5, 7, 2, 6, 73, 'user', 4087, 1, 0, 7, 6),
(72, TRUE, 'justo maecenas rhoncus aliquam lacus morbi quis tortor id nulla ultrices aliquet maecenas leo odio condimentum id luctus', FALSE, FALSE, 7, FALSE, 2, 2, TRUE, 22, 3, 3, 2, 3, 7, 7, 31, 'user', 5190, 0, 3, 2, 6),
(73, FALSE, 'in felis donec semper sapien a libero nam dui proin leo', TRUE, FALSE, 6, FALSE, 3, 3, TRUE, 97, 2, 3, 4, 6, 3, 5, 19, 'user', 3310, 2, 6, 5, 2),
(74, TRUE, 'morbi odio odio elementum eu interdum eu tincidunt in leo maecenas', FALSE, TRUE, 6, FALSE, 2, 1, TRUE, 31, 2, 1, 2, 6, 6, 2, 31, 'user', 3310, 1, 0, 5, 3),
(75, FALSE, 'nulla tempus vivamus in felis eu sapien cursus vestibulum proin eu mi nulla ac enim in', FALSE, TRUE, 0, FALSE, 1, 2, TRUE, 38, 1, 3, 3, 7, 0, 4, 92, 'user', 1261, 3, 7, 1, 7),
(76, FALSE, 'sit amet eros suspendisse accumsan tortor quis turpis sed ante vivamus tortor duis', FALSE, FALSE, 5, TRUE, 3, 1, TRUE, 53, 1, 3, 1, 6, 2, 2, 86, 'user', 6003, 0, 6, 6, 3),
(77, FALSE, 'pharetra magna vestibulum aliquet ultrices erat tortor sollicitudin mi sit amet lobortis sapien sapien', FALSE, FALSE, 1, TRUE, 2, 1, TRUE, 51, 3, 2, 0, 5, 2, 0, 34, 'user', 2557, 0, 0, 1, 4),
(78, FALSE, 'luctus et ultrices posuere cubilia curae duis faucibus accumsan odio', TRUE, TRUE, 6, TRUE, 3, 1, TRUE, 98, 2, 3, 1, 0, 3, 0, 21, 'user', 1, 3, 1, 3, 4),
(79, FALSE, 'tempus vivamus in felis eu sapien cursus vestibulum proin eu mi nulla ac enim in tempor', TRUE, FALSE, 4, TRUE, 3, 3, FALSE, 63, 1, 2, 6, 1, 3, 4, 30, 'user', 3197, 4, 4, 7, 4),
(80, TRUE, 'felis ut at dolor quis odio consequat varius integer ac leo', TRUE, FALSE, 3, TRUE, 3, 2, FALSE, 17, 1, 3, 2, 6, 3, 3, 34, 'user', 836, 0, 6, 5, 1),
(81, TRUE, 'integer non velit donec diam neque vestibulum eget vulputate ut ultrices', FALSE, TRUE, 2, FALSE, 2, 1, FALSE, 76, 1, 3, 4, 1, 2, 4, 22, 'user', 587, 5, 0, 5, 5),
(82, FALSE, 'diam in magna bibendum imperdiet nullam orci pede venenatis non sodales sed tincidunt eu felis fusce posuere felis sed', TRUE, FALSE, 0, TRUE, 2, 2, TRUE, 79, 1, 2, 0, 0, 7, 3, 25, 'user', 4910, 0, 2, 3, 0),
(83, TRUE, 'vel accumsan tellus nisi eu orci mauris lacinia sapien quis libero nullam sit amet turpis elementum ligula', TRUE, TRUE, 3, FALSE, 2, 1, FALSE, 5, 1, 1, 4, 4, 0, 3, 17, 'user', 2168, 2, 2, 0, 0),
(84, FALSE, 'quis turpis sed ante vivamus tortor duis mattis egestas metus aenean fermentum donec ut mauris eget massa tempor convallis nulla', TRUE, TRUE, 4, FALSE, 3, 1, TRUE, 82, 1, 3, 6, 3, 6, 3, 20, 'user', 5919, 3, 7, 1, 4),
(85, TRUE, 'ante ipsum primis in faucibus orci luctus et ultrices posuere cubilia curae mauris viverra diam', FALSE, TRUE, 4, TRUE, 1, 2, TRUE, 54, 2, 1, 4, 7, 4, 5, 68, 'user', 1662, 6, 4, 7, 2),
(86, TRUE, 'libero nam dui proin leo odio porttitor id consequat in consequat ut nulla sed', FALSE, FALSE, 4, FALSE, 3, 2, FALSE, 89, 2, 1, 7, 5, 3, 0, 28, 'user', 4910, 0, 6, 7, 4),
(87, FALSE, 'ullamcorper augue a suscipit nulla elit ac nulla sed vel enim sit amet nunc viverra dapibus nulla suscipit ligula', TRUE, FALSE, 6, FALSE, 2, 2, FALSE, 43, 1, 2, 1, 0, 0, 6, 1, 'user', 1600, 1, 2, 7, 7),
(88, FALSE, 'justo sit amet sapien dignissim vestibulum vestibulum ante ipsum primis in faucibus orci luctus et ultrices posuere cubilia', FALSE, TRUE, 0, FALSE, 3, 3, TRUE, 94, 3, 3, 0, 6, 6, 2, 57, 'user', 5199, 5, 5, 5, 6),
(89, TRUE, 'sapien non mi integer ac neque duis bibendum morbi non quam nec dui luctus rutrum nulla', TRUE, FALSE, 5, FALSE, 3, 1, TRUE, 92, 1, 3, 7, 6, 6, 2, 34, 'user', 858, 2, 1, 6, 5),
(90, FALSE, 'est quam pharetra magna ac consequat metus sapien ut nunc vestibulum ante ipsum', FALSE, FALSE, 5, TRUE, 3, 2, FALSE, 80, 3, 1, 4, 2, 5, 2, 17, 'user', 4455, 0, 6, 5, 5),
(91, TRUE, 'nisi nam ultrices libero non mattis pulvinar nulla pede ullamcorper', FALSE, TRUE, 3, FALSE, 3, 3, TRUE, 61, 1, 1, 5, 6, 5, 4, 44, 'user', 639, 6, 4, 0, 4),
(92, TRUE, 'sit amet eros suspendisse accumsan tortor quis turpis sed ante vivamus', TRUE, TRUE, 3, TRUE, 2, 2, FALSE, 49, 3, 2, 0, 4, 6, 7, 58, 'user', 2883, 5, 3, 4, 1),
(93, TRUE, 'non pretium quis lectus suspendisse potenti in eleifend quam a odio in hac habitasse platea dictumst maecenas ut massa quis', FALSE, TRUE, 4, FALSE, 1, 2, FALSE, 95, 2, 1, 3, 1, 7, 3, 38, 'user', 639, 7, 4, 5, 7),
(94, TRUE, 'metus vitae ipsum aliquam non mauris morbi non lectus aliquam sit amet diam in magna bibendum imperdiet nullam orci', FALSE, FALSE, 7, FALSE, 2, 3, TRUE, 67, 1, 1, 7, 1, 3, 5, 10, 'user', 3336, 5, 0, 1, 3),
(95, TRUE, 'eget elit sodales scelerisque mauris sit amet eros suspendisse accumsan tortor', FALSE, TRUE, 1, FALSE, 3, 1, TRUE, 12, 1, 3, 4, 0, 5, 6, 16, 'user', 858, 0, 3, 6, 1),
(96, FALSE, 'posuere cubilia curae mauris viverra diam vitae quam suspendisse potenti nullam porttitor', FALSE, TRUE, 5, TRUE, 2, 3, FALSE, 82, 1, 1, 5, 2, 3, 6, 51, 'user', 2642, 4, 7, 7, 1),
(97, TRUE, 'vestibulum eget vulputate ut ultrices vel augue vestibulum ante ipsum primis in faucibus orci luctus et', FALSE, FALSE, 2, FALSE, 3, 1, TRUE, 60, 3, 3, 2, 6, 1, 2, 40, 'user', 2655, 6, 7, 4, 5),
(98, TRUE, 'interdum in ante vestibulum ante ipsum primis in faucibus orci luctus et ultrices posuere cubilia curae duis faucibus accumsan', FALSE, TRUE, 5, TRUE, 2, 1, FALSE, 69, 1, 2, 0, 3, 0, 5, 37, 'user', 4561, 2, 4, 7, 0),
(99, TRUE, 'mattis nibh ligula nec sem duis aliquam convallis nunc proin at turpis a pede posuere nonummy integer non velit donec', FALSE, FALSE, 1, FALSE, 1, 2, TRUE, 98, 3, 2, 2, 7, 1, 6, 45, 'user', 4646, 0, 4, 4, 3),
(100, FALSE, 'imperdiet nullam orci pede venenatis non sodales sed tincidunt eu felis fusce posuere felis sed lacus morbi', TRUE, FALSE, 6, FALSE, 1, 2, FALSE, 33, 2, 2, 4, 7, 3, 5, 8, 'user', 4534, 6, 7, 2, 0);


INSERT INTO users(username, enabled, first_name, last_name, password, team_number) VALUES
('admin', TRUE, 'Admin', 'McCoolpants', '$2a$10$9ALpT96a4IAOBZ1BVnorKupnhCE6GM5VF3WHhKxAv402PX5NX4Gw2', 3506),
('user', TRUE, 'User', 'Userson', '$2a$10$t9Ebz8953gdqmB464K0RJ.vVe1.ZHu5P6l.k3W8oLDVx0me47qEg2', 3506);